USE lab3;

SET IDENTITY_INSERT [Institute] ON
INSERT [Institute] (inst_id, inst_name) VALUES(0, 'Московский государственный университет имени М.В. Ломоносова')
INSERT [Institute] (inst_id, inst_name) VALUES(1, 'Московский физико-технический институт ')
INSERT [Institute] (inst_id, inst_name) VALUES(2, 'Национальный исследовательский университет Высшая школа экономики')
INSERT [Institute] (inst_id, inst_name) VALUES(3, 'Всероссийская академия внешней торговли Министерства экономического развития России')
INSERT [Institute] (inst_id, inst_name) VALUES(4, 'Дипломатическая академия Министерства иностранных дел Российской Федерации')
INSERT [Institute] (inst_id, inst_name) VALUES(5, 'Национальный исследовательский ядерный университет «МИФИ»')
INSERT [Institute] (inst_id, inst_name) VALUES(6, 'Российская академия народного хозяйства и государственной службы при Президенте Российской Федерации')
INSERT [Institute] (inst_id, inst_name) VALUES(7, 'Государственный институт русского языка им. А. С. Пушкина')
INSERT [Institute] (inst_id, inst_name) VALUES(8, 'Институт бизнеса и делового администрирования')
INSERT [Institute] (inst_id, inst_name) VALUES(9, 'Московский государственный юридический университет имени О. Е. Кутафина')
INSERT [Institute] (inst_id, inst_name) VALUES(10, 'Российский экономический университет имени Г. В. Плеханова')
INSERT [Institute] (inst_id, inst_name) VALUES(11, 'Первый Московский государственный медицинский университет им. И. М. Сеченова')
INSERT [Institute] (inst_id, inst_name) VALUES(12, 'Российский национальный исследовательский медицинский университет имени Н. И. Пирогова')
INSERT [Institute] (inst_id, inst_name) VALUES(13, 'Государственный академический университет гуманитарных наук при Российской академии наук')
INSERT [Institute] (inst_id, inst_name) VALUES(14, 'Московский государственный лингвистический университет')
INSERT [Institute] (inst_id, inst_name) VALUES(15, 'Институт бизнеса и дизайна')
INSERT [Institute] (inst_id, inst_name) VALUES(16, 'Российский государственный гуманитарный университет')
INSERT [Institute] (inst_id, inst_name) VALUES(17, 'Национальный исследовательский технологический университет «МИСиС»')
INSERT [Institute] (inst_id, inst_name) VALUES(18, 'Московский государственный технический университет имени Н. Э. Баумана')
INSERT [Institute] (inst_id, inst_name) VALUES(19, 'Государственный университет управления')
SET IDENTITY_INSERT [Institute] OFF

SET IDENTITY_INSERT [Reader] ON
INSERT Reader (reader_id, full_name, passport_num, address, phone, retirement, inst_id) VALUES(0, 'Жиганов Роман Дамирович', 012345678, 'Ломоносовский проспект, д. 27, к. 11, комн. 228', 9161234567, '09/10/2016', 0)
INSERT Reader (reader_id, full_name, passport_num, address, phone, retirement, inst_id) VALUES(1, 'Пупкин Василий Петрович', 1234567890, 'улица Ленина, д. 18, кв. 5', 9164562347, '06/07/2016', 0)
INSERT Reader (reader_id, full_name, passport_num, address, phone, retirement, inst_id) VALUES(2, 'Галова Анна Юрьевна', 2345678901, 'площадь Восстания, д. 3, кв. 17', 9165236745, '25/02/2016', 1)
INSERT Reader (reader_id, full_name, passport_num, address, phone, retirement, inst_id) VALUES(3, 'Петров Степан Михайлович', 3456789012, 'Ломоносовский проспект, д. 27, к. 11, комн. 282', 9164234567, '23/04/2016', 3)
INSERT Reader (reader_id, full_name, passport_num, address, phone, retirement, inst_id) VALUES(4, 'Сидоров Акакий Иванович', 4567890123, 'Ровная улица, д. 3, кв. 29', 9161267345, '05/06/2016', 17)
INSERT Reader (reader_id, full_name, passport_num, address, phone, retirement, inst_id) VALUES(5, 'Водник Юрий Павлович', 5678901234, 'проспект Энтузиастов, д. 101, кв. 35', 9134612567, '09/12/2016', 19)
INSERT Reader (reader_id, full_name, passport_num, address, phone, retirement, inst_id) VALUES(6, 'Тростников Валерий Семёнович', 6789012345, 'Револьверова улица, д. 30, кв. 6', 9123164567, '16/12/2016', 5)
INSERT Reader (reader_id, full_name, passport_num, address, phone, retirement, inst_id) VALUES(7, 'Лилова Екатерина Степановна', 7890123456, 'Ломоносовский проспект, д. 27, к. 11, комн. 1111', 9161234567, '09/10/2016', 4)
INSERT Reader (reader_id, full_name, passport_num, address, phone, retirement, inst_id) VALUES(8, 'Приколов Максим Павлович', 8901234567, 'Морозная улица, д. 2, кв. 48', 9145661237, '09/10/2016', 5)
INSERT Reader (reader_id, full_name, passport_num, address, phone, retirement, inst_id) VALUES(9, 'Та Куанг Апчхи', 9012345678, '3-ий Лучевой проезд, д. 5, кв. 23', 9134566127, '09/10/2016', NULL)
INSERT Reader (reader_id, full_name, passport_num, address, phone, retirement, inst_id) VALUES(10, 'Элитов Артём Игоревич', 1123456789, 'Огородная улица, д. 4, кв. 43', 9123461567, '09/10/2016', 6)
INSERT Reader (reader_id, full_name, passport_num, address, phone, retirement, inst_id) VALUES(11, 'Бубнов Юрий Олегович', 1234567891, 'Динамовский проезд, д. 5, кв. 22', 9123456167, '09/10/2016', 15)
INSERT Reader (reader_id, full_name, passport_num, address, phone, retirement, inst_id) VALUES(12, 'Соловьёв Дмитрий Викторович', 2345678911, 'улица Ленина, д. 78, кв. 578', 9161234567, '09/10/2016', 2)
INSERT Reader (reader_id, full_name, passport_num, address, phone, retirement, inst_id) VALUES(13, 'Перенюк Полина Вячеславовна', 3456789112, 'проспект Энтузиастов, д. 47, кв. 678', 9456716123, '09/10/2016', 3)
INSERT Reader (reader_id, full_name, passport_num, address, phone, retirement, inst_id) VALUES(14, 'Протопоев Виктор Георгиевич', 4567891123, 'Морозная улица, д. 7, кв. 23', 9161456237, '09/10/2016', NULL)
INSERT Reader (reader_id, full_name, passport_num, address, phone, retirement, inst_id) VALUES(15, 'Улов Павел Иванович', 5678911234, 'проспект Энтузиастов, д. 47, кв. 678', 9164567123, '09/10/2016', 16)
INSERT Reader (reader_id, full_name, passport_num, address, phone, retirement, inst_id) VALUES(16, 'Умова Элла Эдуардовна', 6789112345, 'Стрелковая улица, д. 53, кв. 87', 9161672345, '09/10/2016', 13)
INSERT Reader (reader_id, full_name, passport_num, address, phone, retirement, inst_id) VALUES(17, 'Лобосов Максим Рагноросович', 7891123456, 'улица Ленина, д. 32, кв. 27', 9123461567, '09/10/2016', 10)
INSERT Reader (reader_id, full_name, passport_num, address, phone, retirement, inst_id) VALUES(18, 'Стрельцова Эльза Михайловна', 8911234567, 'Ровная улица, д. 7, кв. 16', 9112346567, '09/10/2016', 12)
INSERT Reader (reader_id, full_name, passport_num, address, phone, retirement, inst_id) VALUES(19, 'Крипов Андрей Викторович', 9112345678, 'проспект Энтузиастов, д. 32, кв. 65', 9161567234, '09/10/2016', 13)
SET IDENTITY_INSERT [Reader] OFF

SET IDENTITY_INSERT [Theme] ON
INSERT Theme (theme_id, theme_name) VALUES(0, 'Базы данных')
INSERT Theme (theme_id, theme_name) VALUES(1, 'Матан')
INSERT Theme (theme_id, theme_name) VALUES(2, 'Этика')
INSERT Theme (theme_id, theme_name) VALUES(3, 'Искусство')
INSERT Theme (theme_id, theme_name) VALUES(4, 'Линал')
INSERT Theme (theme_id, theme_name) VALUES(5, 'Игры')
INSERT Theme (theme_id, theme_name) VALUES(6, 'С++')
INSERT Theme (theme_id, theme_name) VALUES(7, 'Космос')
INSERT Theme (theme_id, theme_name) VALUES(8, 'Компьютеры')
INSERT Theme (theme_id, theme_name) VALUES(9, 'Освещение')
INSERT Theme (theme_id, theme_name) VALUES(10, 'Варка')
INSERT Theme (theme_id, theme_name) VALUES(11, 'Мониторы')
INSERT Theme (theme_id, theme_name) VALUES(12, 'Стаканы')
INSERT Theme (theme_id, theme_name) VALUES(13, 'Рис в летний период')
INSERT Theme (theme_id, theme_name) VALUES(14, 'Марс')
INSERT Theme (theme_id, theme_name) VALUES(15, 'Еда')
INSERT Theme (theme_id, theme_name) VALUES(16, 'Салюты')
INSERT Theme (theme_id, theme_name) VALUES(17, 'Страны')
INSERT Theme (theme_id, theme_name) VALUES(18, 'Языки')
INSERT Theme (theme_id, theme_name) VALUES(19, 'Интернет')
SET IDENTITY_INSERT [Theme] OFF

SET IDENTITY_INSERT [Keyword] ON
INSERT Keyword (keyword_id, keyword_name) VALUES(0, 'сайт')
INSERT Keyword (keyword_id, keyword_name) VALUES(1, 'Цезарь')
INSERT Keyword (keyword_id, keyword_name) VALUES(2, 'Китай')
INSERT Keyword (keyword_id, keyword_name) VALUES(3, 'картофель')
INSERT Keyword (keyword_id, keyword_name) VALUES(4, 'гранёный')
INSERT Keyword (keyword_id, keyword_name) VALUES(5, 'жк')
INSERT Keyword (keyword_id, keyword_name) VALUES(6, 'время')
INSERT Keyword (keyword_id, keyword_name) VALUES(7, 'пар')
INSERT Keyword (keyword_id, keyword_name) VALUES(8, 'красный')
INSERT Keyword (keyword_id, keyword_name) VALUES(9, 'планета')
INSERT Keyword (keyword_id, keyword_name) VALUES(10, 'обращение')
INSERT Keyword (keyword_id, keyword_name) VALUES(11, 'картины')
INSERT Keyword (keyword_id, keyword_name) VALUES(12, 'SELECT')
INSERT Keyword (keyword_id, keyword_name) VALUES(13, 'класс')
INSERT Keyword (keyword_id, keyword_name) VALUES(14, 'матрица')
INSERT Keyword (keyword_id, keyword_name) VALUES(15, 'ночь')
INSERT Keyword (keyword_id, keyword_name) VALUES(16, 'конструктор')
INSERT Keyword (keyword_id, keyword_name) VALUES(17, 'производная')
INSERT Keyword (keyword_id, keyword_name) VALUES(18, 'стул')
INSERT Keyword (keyword_id, keyword_name) VALUES(19, 'INSERT')
SET IDENTITY_INSERT [Keyword] OFF

INSERT ThemeSpecialization VALUES(5, 4)
INSERT ThemeSpecialization VALUES(2, 17)
INSERT ThemeSpecialization VALUES(3, 12)
INSERT ThemeSpecialization VALUES(7, 3)
INSERT ThemeSpecialization VALUES(9, 4)
INSERT ThemeSpecialization VALUES(0, 5)
INSERT ThemeSpecialization VALUES(19, 18)
INSERT ThemeSpecialization VALUES(13, 12)
INSERT ThemeSpecialization VALUES(2, 15)
INSERT ThemeSpecialization VALUES(5, 17)
INSERT ThemeSpecialization VALUES(4, 15)
INSERT ThemeSpecialization VALUES(3, 3)
INSERT ThemeSpecialization VALUES(6, 6)
INSERT ThemeSpecialization VALUES(4, 8)
INSERT ThemeSpecialization VALUES(9, 6)
INSERT ThemeSpecialization VALUES(7, 16)
INSERT ThemeSpecialization VALUES(4, 18)
INSERT ThemeSpecialization VALUES(2, 13)
INSERT ThemeSpecialization VALUES(10, 5)
INSERT ThemeSpecialization VALUES(15, 6)

SET IDENTITY_INSERT [Place] ON
INSERT Place (place_id, hall_id, rack_id) VALUES(0, 4, 6)
INSERT Place (place_id, hall_id, rack_id) VALUES(1, 3, 23)
INSERT Place (place_id, hall_id, rack_id) VALUES(2, 34, 4)
INSERT Place (place_id, hall_id, rack_id) VALUES(3, 4, 8)
INSERT Place (place_id, hall_id, rack_id) VALUES(4, 8, 7)
INSERT Place (place_id, hall_id, rack_id) VALUES(5, 4, 2)
INSERT Place (place_id, hall_id, rack_id) VALUES(6, 1, 3)
INSERT Place (place_id, hall_id, rack_id) VALUES(7, 4, 6)
INSERT Place (place_id, hall_id, rack_id) VALUES(8, 6, 9)
INSERT Place (place_id, hall_id, rack_id) VALUES(9, 19, 5)
INSERT Place (place_id, hall_id, rack_id) VALUES(10, 43, 5)
INSERT Place (place_id, hall_id, rack_id) VALUES(11, 18, 34)
INSERT Place (place_id, hall_id, rack_id) VALUES(12, 32, 4)
INSERT Place (place_id, hall_id, rack_id) VALUES(13, 3, 4)
INSERT Place (place_id, hall_id, rack_id) VALUES(14, 4, 5)
INSERT Place (place_id, hall_id, rack_id) VALUES(15, 52, 7)
INSERT Place (place_id, hall_id, rack_id) VALUES(16, 34, 8)
INSERT Place (place_id, hall_id, rack_id) VALUES(17, 24, 1)
INSERT Place (place_id, hall_id, rack_id) VALUES(18, 10, 8)
INSERT Place (place_id, hall_id, rack_id) VALUES(19, 9, 4)
SET IDENTITY_INSERT [Place] OFF

SET IDENTITY_INSERT [Book] ON
INSERT Book (book_id, book_name, author, publishing, year, place_id) VALUES(0, 'Машбук', 'Машечкин', 'ВМК', 2000, 0)
INSERT Book (book_id, book_name, author, publishing, year, place_id) VALUES(1, 'Новая книга(1)', 'Моя фантазия', 'Дедлайн', 2016, 1)
INSERT Book (book_id, book_name, author, publishing, year, place_id) VALUES(2, 'Биология', 'Медведев В.В.', 'РФ', 1488, 14)
INSERT Book (book_id, book_name, author, publishing, year, place_id) VALUES(3, 'Дата майнинг', 'А', 'Г1', 1997, 17)
INSERT Book (book_id, book_name, author, publishing, year, place_id) VALUES(4, 'Кластеризация', 'Д', 'В4', 1946, 5)
INSERT Book (book_id, book_name, author, publishing, year, place_id) VALUES(5, 'А', 'П', 'Ц8', 1987, 0)
INSERT Book (book_id, book_name, author, publishing, year, place_id) VALUES(6, 'Б', 'Р', 'Издание', 1998, 5)
INSERT Book (book_id, book_name, author, publishing, year, place_id) VALUES(7, 'В', 'С', 'Наука', 2001, 8)
INSERT Book (book_id, book_name, author, publishing, year, place_id) VALUES(8, 'Г', 'Т', 'Хеллоу', 2005, 10)
INSERT Book (book_id, book_name, author, publishing, year, place_id) VALUES(9, 'Устал', 'У', 'Виу', 2010, 9)
INSERT Book (book_id, book_name, author, publishing, year, place_id) VALUES(10, 'Е', 'Ф', 'Песни', 1995, 8)
INSERT Book (book_id, book_name, author, publishing, year, place_id) VALUES(11, 'Ж', 'Х', 'В', 2015, 5)
INSERT Book (book_id, book_name, author, publishing, year, place_id) VALUES(12, 'З', 'Ф', 'Плей', 2012, 6)
INSERT Book (book_id, book_name, author, publishing, year, place_id) VALUES(13, 'И', 'А', 'Листе', 1977, 15)
INSERT Book (book_id, book_name, author, publishing, year, place_id) VALUES(14, 'Й', 'А', 'И', 1988, 10)
INSERT Book (book_id, book_name, author, publishing, year, place_id) VALUES(15, 'К', 'П', 'На', 1999, 9)
INSERT Book (book_id, book_name, author, publishing, year, place_id) VALUES(16, 'Л', 'Р', 'Радио', 2001, 12)
INSERT Book (book_id, book_name, author, publishing, year, place_id) VALUES(17, 'М', 'И', 'Помогают', 2006, 17)
INSERT Book (book_id, book_name, author, publishing, year, place_id) VALUES(18, 'Н', 'Ч', 'С', 1956, 14)
INSERT Book (book_id, book_name, author, publishing, year, place_id) VALUES(19, 'О', 'Я', 'Челленджами', 1899, 13)
SET IDENTITY_INSERT [Book] OFF

INSERT INTO BookSpecialization VALUES(6, 4)
INSERT INTO BookSpecialization VALUES(4, 12)
INSERT INTO BookSpecialization VALUES(2, 4)
INSERT INTO BookSpecialization VALUES(4, 15)
INSERT INTO BookSpecialization VALUES(6, 6)
INSERT INTO BookSpecialization VALUES(17, 7)
INSERT INTO BookSpecialization VALUES(5, 8)
INSERT INTO BookSpecialization VALUES(4, 19)
INSERT INTO BookSpecialization VALUES(3, 4)
INSERT INTO BookSpecialization VALUES(9, 11)
INSERT INTO BookSpecialization VALUES(12, 12)
INSERT INTO BookSpecialization VALUES(17, 2)
INSERT INTO BookSpecialization VALUES(17, 1)
INSERT INTO BookSpecialization VALUES(5, 0)
INSERT INTO BookSpecialization VALUES(14, 8)
INSERT INTO BookSpecialization VALUES(5, 4)
INSERT INTO BookSpecialization VALUES(18, 19)
INSERT INTO BookSpecialization VALUES(15, 3)
INSERT INTO BookSpecialization VALUES(13, 4)
INSERT INTO BookSpecialization VALUES(9, 3)

INSERT INTO Delivery VALUES(0, 0, '08/10/2015', '08/12/2015', '09/10/2016')
INSERT INTO Delivery VALUES(4, 6, '16/11/2015', '16/01/2016', '09/10/2016')
INSERT INTO Delivery VALUES(8, 4, '14/12/2015', '14/02/2016', '09/08/2016')
INSERT INTO Delivery VALUES(12, 5, '01/01/2016', '01/03/2016', '01/10/2016')
INSERT INTO Delivery VALUES(14, 6, '06/01/2016', '06/03/2016', '09/10/2016')
INSERT INTO Delivery VALUES(4, 17, '08/02/2016', '08/04/2016', '09/10/2016')
INSERT INTO Delivery VALUES(9, 13, '13/02/2016', '13/04/2016', '09/10/2016')
INSERT INTO Delivery VALUES(7, 12, '04/03/2016', '04/05/2016', '09/10/2016')
INSERT INTO Delivery VALUES(12, 10, '29/03/2016', '29/05/2016', '09/10/2016')
INSERT INTO Delivery VALUES(18, 7, '25/04/2016', '25/06/2016', '09/10/2016')
INSERT INTO Delivery VALUES(4, 5, '30/04/2016', '30/06/2016', '09/10/2016')
INSERT INTO Delivery VALUES(5, 1, '05/05/2016', '05/07/2016', '09/10/2016')
INSERT INTO Delivery VALUES(0, 9, '06/06/2016', '06/08/2016', '09/10/2016')
INSERT INTO Delivery VALUES(5, 4, '08/06/2016', '08/08/2016', '09/10/2016')
INSERT INTO Delivery VALUES(6, 4, '14/07/2016', '14/09/2016', '09/10/2016')
INSERT INTO Delivery VALUES(9, 16, '14/07/2016', '14/09/2016', '09/10/2016')
INSERT INTO Delivery VALUES(7, 15, '13/08/2016', '13/10/2016', NULL)
INSERT INTO Delivery VALUES(4, 13, '09/09/2016', '09/11/2016', NULL)
INSERT INTO Delivery VALUES(2, 4, '05/10/2016', '05/12/2016', NULL)
INSERT INTO Delivery VALUES(10, 8, '08/10/2016', '08/12/2016', NULL)
